
--chèn dữ liệu vào bản 
INSERT INTO Products (id_product, name, description, quantity, price, unit, id_promotion) VALUES 
    ('prod001', 'Anh đào', 'Quả anh đào là loại quả nhỏ có hạt cứng, có nhiều màu sắc và hương vị khác nhau. Trái cây màu đỏ tươi này là sự kết hợp tuyệt vời giữa vị ngọt ngào và chút chua nhẹ, tạo điểm nhấn hoàn hảo cho các món tráng miệng. Quả anh đào có thể ăn tươi hoặc được sử dụng trong nhiều công thức nấu ăn như bánh ngọt, tart, bánh pie và bánh cheesecake.', 50, 75000, 'Kg', NULL),
    ('prod002', 'Táo', 'Táo là loại trái cây giòn, ngọt, chứa nhiều chất xơ và vitamin. Có thể ăn tươi hoặc dùng làm nước ép, salad, bánh táo.', 100, 50000, 'Kg', NULL),
    ('prod003', 'Việt quốc', 'Việt quốc là loại quả mọng nhỏ có màu xanh đậm, chứa nhiều chất chống oxy hóa, giúp tăng cường sức khỏe tim mạch.', 75, 90000, 'Kg', NULL),
    ('prod004', 'Dâu tằm', 'Dâu tằm có vị chua ngọt đặc trưng, giàu vitamin C, giúp tăng cường miễn dịch và cải thiện làn da.', 60, 60000, 'Kg', NULL),
    ('prod005', 'Mâm sôi', 'Mâm sôi có màu đỏ tươi, vị chua thanh, giàu chất xơ và vitamin giúp hỗ trợ tiêu hóa và sức khỏe tim mạch.', 50, 85000, 'Kg', NULL),
    ('prod006', 'Quả lê', 'Lê là loại quả mọng nước, vị ngọt thanh, rất tốt cho hệ tiêu hóa và cung cấp độ ẩm cho cơ thể.', 80, 45000, 'Kg', NULL),
    ('prod007', 'Quả đào', 'Đào có vị ngọt dịu, thịt quả mềm, chứa nhiều chất chống oxy hóa giúp làm đẹp da.', 65, 70000, 'Kg', NULL),
    ('prod008', 'Kiwi vàng', 'Kiwi vàng có vị ngọt đậm hơn kiwi xanh, chứa nhiều vitamin C và chất xơ giúp tăng cường sức khỏe.', 55, 100000, 'Kg', NULL),
    ('prod009', 'Nho ngón tay đen', 'Nho ngón tay đen có hình dáng thuôn dài độc đáo, vỏ mỏng, vị ngọt đậm, thích hợp ăn tươi hoặc làm rượu vang.', 70, 120000, 'Kg', NULL),
    ('prod010', 'Cam', 'Cam là loại trái cây giàu vitamin C, giúp tăng cường miễn dịch, có thể ăn tươi hoặc ép lấy nước.', 90, 40000, 'Kg', NULL),
    ('prod011', 'Nho mẫu đơn', 'Nho mẫu đơn có hương thơm đặc trưng, vị ngọt thanh, thịt giòn, giàu dinh dưỡng.', 40, 130000, 'Kg', NULL),
    ('prod012', 'Táo đỏ', 'Táo đỏ là loại táo giòn, ngọt, giàu chất xơ, rất tốt cho sức khỏe.', 85, 60000, 'Kg', NULL),
    ('prod013', 'Táo xanh', 'Táo xanh có vị chua nhẹ, giòn, giúp kiểm soát cân nặng và cung cấp vitamin C.', 90, 50000, 'Kg', NULL),
    ('prod014', 'Chuối', 'Chuối là nguồn cung cấp năng lượng dồi dào, chứa nhiều kali tốt cho hệ tim mạch.', 120, 25000, 'Kg', NULL),
    ('prod015', 'Kiwi xanh', 'Kiwi xanh có vị chua ngọt cân bằng, giàu vitamin C và chất xơ tốt cho tiêu hóa.', 60, 85000, 'Kg', NULL),
    ('prod016', 'Quả na', 'Quả na có vị ngọt, thịt mềm, chứa nhiều vitamin C và chất xơ, tốt cho hệ tiêu hóa.', 50, 60000, 'Kg', NULL),
    ('prod017', 'Bưởi da xanh', 'Bưởi da xanh có vỏ xanh, ruột hồng, vị ngọt thanh, giàu vitamin C, tốt cho sức khỏe.', 60, 80000, 'Kg', NULL),
    ('prod018', 'Nhãn xuồng', 'Nhãn xuồng có hạt nhỏ, thịt dày, vị ngọt đậm, giàu năng lượng.', 70, 75000, 'Kg', NULL),
    ('prod019', 'Vải thiều', 'Vải thiều có vỏ mỏng, ruột trắng, vị ngọt lịm, giàu vitamin C.', 80, 90000, 'Kg', NULL),
    ('prod020', 'Măng cụt', 'Măng cụt có vỏ dày màu tím, ruột trắng mềm, vị chua ngọt, rất bổ dưỡng.', 50, 100000, 'Kg', NULL),
    ('prod021', 'Chôm Chôm', 'Chôm chôm có lớp vỏ gai mềm, thịt trắng ngọt, giàu vitamin và khoáng chất.', 90, 70000, 'Kg', NULL),
    ('prod022', 'Sầu riêng Ri 6', 'Sầu riêng Ri 6 có hương thơm đậm, cơm vàng dày, vị béo ngọt đặc trưng.', 30, 180000, 'Kg', NULL),
    ('prod023', 'Thanh long', 'Thanh long có vỏ hồng, ruột trắng hoặc đỏ, vị ngọt thanh, giàu chất xơ.', 100, 40000, 'Kg', NULL),
    ('prod024', 'Dâu tây', 'Dâu tây có màu đỏ rực rỡ, vị chua ngọt, giàu chất chống oxy hóa.', 40, 120000, 'Kg', NULL),
    ('prod025', 'Nho kẹo', 'Nho kẹo có vị ngọt đậm, giòn, không hạt, rất được ưa chuộng.', 50, 130000, 'Kg', NULL),
    ('prod026', 'Nho xanh', 'Nho xanh không hạt, vị chua nhẹ, giòn, giàu vitamin và khoáng chất.', 60, 110000, 'Kg', NULL),
    ('prod027', 'Xoài cát', 'Xoài cát có thịt vàng, thơm, ngọt đậm, rất được ưa chuộng.', 80, 70000, 'Kg', NULL),
    ('prod028', 'Mận Hà Nội', 'Mận Hà Nội có vị chua ngọt, giòn, giàu vitamin C.', 50, 75000, 'Kg', NULL),
    ('prod029', 'Táo nhỏ', 'Táo nhỏ có vị ngọt thanh, giòn, rất thích hợp ăn vặt.', 90, 50000, 'Kg', NULL),
    ('prod030', 'Ổi ruột hồng', 'Ổi ruột hồng có thịt mềm, vị ngọt dịu, chứa nhiều vitamin C.', 100, 35000, 'Kg', NULL),
    ('prod031', 'Bơ Đà Lạt', 'Bơ Đà Lạt có thịt dẻo, béo ngậy, rất tốt cho sức khỏe.', 70, 85000, 'Kg', NULL),
    ('prod032', 'Cam sành', 'Cam sành có vỏ sần, ruột mọng nước, vị ngọt thanh, giàu vitamin C.', 110, 50000, 'Kg', NULL),
    ('prod033', 'Dưa hấu ruột vàng', 'Dưa hấu ruột vàng có vị ngọt mát, chứa nhiều nước, giúp giải khát.', 120, 35000, 'Kg', NULL),
    ('prod034', 'Dưa lưới', 'Dưa lưới có vỏ lưới đặc trưng, vị ngọt thơm, nhiều nước.', 60, 90000, 'Kg', NULL),
    ('prod035', 'Vú sữa tím', 'Vú sữa tím có lớp vỏ mỏng, thịt mềm, vị ngọt thanh.', 55, 80000, 'Kg', NULL);

INSERT INTO Promotions (id_promotion, name, description, start_day, end_day, discount_rate, id_account) 
VALUES 
    ('PROMO_TET', 'Khuyến mãi Tết Nguyên Đán', 'Giảm giá đặc biệt nhân dịp Tết Nguyên Đán', '2025-02-25', '2025-04-30', 15.00, 1),
    ('PROMO_SUMMER', 'Giảm giá mùa hè', 'Ưu đãi mùa hè sôi động', '2025-02-25', '2025-06-30', 10.00, 1),
    ('PROMO_VIP', 'Ưu đãi chóp nhoáng', 'Giảm giá đặc biệt cho các sản phẩm tồn kho', '2025-02-25', '2025-04-31', 20.00, 1);


UPDATE Products SET id_promotion = 'PROMO_TET' WHERE id_product IN ('prod002', 'prod007', 'prod013');
UPDATE Products SET id_promotion = 'PROMO_SUMMER' WHERE id_product IN ('prod005', 'prod011', 'prod019', 'prod025');
UPDATE Products SET id_promotion = 'PROMO_VIP' WHERE id_product IN ('prod008', 'prod023', 'prod035');


INSERT into Image_Product (id_image, URL_image, id_product) VALUES
('imaprod001A', '/assets/image/products/OT01A-cheri.jpg', 'prod001'),
('imaprod001B', '/assets/image/products/OT01B-cheri.jpg', 'prod001'),
('imaprod002A', '/assets/image/products/OT02A-taodo.jpg', 'prod002'),
('imaprod002B', '/assets/image/products/OT02B-taodo.jpg', 'prod002'),
('imaprod003A', '/assets/image/products/OT03A-vietquoc.jpg', 'prod003'),
('imaprod003B', '/assets/image/products/OT03B-vietquoc.jpg', 'prod003'),
('imaprod004A', '/assets/image/products/OT04A-dautam.jpg', 'prod004'),
('imaprod004B', '/assets/image/products/OT04B-dautam.jpg', 'prod004'),
('imaprod005A', '/assets/image/products/OT05A-mamsoi.jpg', 'prod005'),
('imaprod005B', '/assets/image/products/OT05B-mamsoi.jpg', 'prod005'),
('imaprod006A', '/assets/image/products/OT06A-quale.jpg', 'prod006'),
('imaprod006B', '/assets/image/products/OT06B-quale.jpg', 'prod006'),
('imaprod007A', '/assets/image/products/OT07A-quadao.jpg', 'prod007'),
('imaprod007B', '/assets/image/products/OT07B-quadao.jpg', 'prod007'),
('imaprod008A', '/assets/image/products/OT08A-kiwi.jpg', 'prod008'),
('imaprod008B', '/assets/image/products/OT08B-kiwi.jpg', 'prod008'),
('imaprod009A', '/assets/image/products/OT09A-nhoden.jpg', 'prod009'),
('imaprod009B', '/assets/image/products/OT09B-nhoden.jpg', 'prod009'),
('imaprod010A', '/assets/image/products/OT10A-cam.jpg', 'prod010'),
('imaprod010B', '/assets/image/products/OT10B-cam.jpg', 'prod010'),
('imaprod011A', '/assets/image/products/OT11A-nhomaudon.jpg', 'prod011'),
('imaprod011B', '/assets/image/products/OT11B-nhomaudon.jpg', 'prod011'),
('imaprod012A', '/assets/image/products/OT12A-taodo.jpg', 'prod012'),
('imaprod012B', '/assets/image/products/OT12B-taodo.jpg', 'prod012'),
('imaprod013A', '/assets/image/products/OT13A-taoxanh.jpg', 'prod013'),
('imaprod013B', '/assets/image/products/OT13B-taoxanh.jpg', 'prod013'),
('imaprod014A', '/assets/image/products/OT14A-chuoi.jpg', 'prod014'),
('imaprod014B', '/assets/image/products/OT14B-chuoi.jpg', 'prod014'),
('imaprod015A', '/assets/image/products/OT15A-kiwixanh.jpg', 'prod015'),
('imaprod015B', '/assets/image/products/OT15B-kiwixanh.jpg', 'prod015'),
('imaprod016A', '/assets/image/products/VN001A-na.jpg', 'prod016'),
('imaprod016B', '/assets/image/products/VN001B-na.jpg', 'prod016'),
('imaprod017A', '/assets/image/products/VN002A-buoi.jpg', 'prod017'),
('imaprod017B', '/assets/image/products/VN002B-buoi.jpg', 'prod017'),
('imaprod018A', '/assets/image/products/VN003A-nhan.jpg', 'prod018'),
('imaprod018B', '/assets/image/products/VN003B-nhan.jpg', 'prod018'),
('imaprod019A', '/assets/image/products/VN004A-vai.jpg', 'prod019'),
('imaprod019B', '/assets/image/products/VN004B-vai.jpg', 'prod019'),
('imaprod020A', '/assets/image/products/VN005A-mangcut.jpg', 'prod020'),
('imaprod020B', '/assets/image/products/VN005B-mangcut.jpg', 'prod020'),
('imaprod021A', '/assets/image/products/VN006A-chom.jpg', 'prod021'),
('imaprod021B', '/assets/image/products/VN006B-chom.jpg', 'prod021'),
('imaprod022A', '/assets/image/products/VN007A-saurieng.jpg', 'prod022'),
('imaprod022B', '/assets/image/products/VN007B-saurieng.jpg', 'prod022'),
('imaprod023A', '/assets/image/products/VN008A-thanhlongtrang.jpg', 'prod023'),
('imaprod023B', '/assets/image/products/VN008B-thanhlongtrang.jpg', 'prod023'),
('imaprod024A', '/assets/image/products/VN009A-daytay.jpg', 'prod024'),
('imaprod024B', '/assets/image/products/VN009B-daytay.jpg', 'prod024'),
('imaprod025A', '/assets/image/products/VN010A-nhokeo.jpg', 'prod025'),
('imaprod025B', '/assets/image/products/VN010B-nhokeo.jpg', 'prod025'),
('imaprod026A', '/assets/image/products/VN011A-nhoxanh.jpg', 'prod026'),
('imaprod026B', '/assets/image/products/VN011B-nhoxanh.jpg', 'prod026'),
('imaprod027A', '/assets/image/products/VN012A-xoai.jpg', 'prod027'),
('imaprod027B', '/assets/image/products/VN012B-xoai.jpg', 'prod027'),
('imaprod028A', '/assets/image/products/VN013A-manhn.jpg', 'prod028'),
('imaprod028B', '/assets/image/products/VN013B-manhn.jpg', 'prod028'),
('imaprod029A', '/assets/image/products/VN014A-taoxanh.jpg', 'prod029'),
('imaprod029B', '/assets/image/products/VN014B-taoxanh.jpg', 'prod029'),
('imaprod030A', '/assets/image/products/VN015A-oi.jpg', 'prod030'),
('imaprod030B', '/assets/image/products/VN015B-oi.jpg', 'prod030'),
('imaprod031A', '/assets/image/products/VN016A-bo.jpg', 'prod031'),
('imaprod031B', '/assets/image/products/VN016B-bo.jpg', 'prod031'),
('imaprod032A', '/assets/image/products/VN017A-cam.jpg', 'prod032'),
('imaprod032B', '/assets/image/products/VN017B-cam.jpg', 'prod032'),
('imaprod033A', '/assets/image/products/VN018A-duahauvang.jpg', 'prod033'),
('imaprod033B', '/assets/image/products/VN018B-duahauvang.jpg', 'prod033'),
('imaprod034A', '/assets/image/products/VN019A-dualuoi.jpg', 'prod034'),
('imaprod034B', '/assets/image/products/VN019B-dualuoi.jpg', 'prod034'),
('imaprod035A', '/assets/image/products/VN020A-vusuatim.jpg', 'prod035'),
('imaprod035B', '/assets/image/products/VN020B-vusuatim.jpg', 'prod035');


INSERT INTO Product_Catalog (id_catalog, name) VALUES
('prodcata001', 'Trái cây Việt Nam'),
('prodcata002', 'Trái cây nhập khẩu'),
('prodcata003', 'Trái cây có múi'),
('prodcata004', 'Trái cây nhiệt đới'),
('prodcata005', 'Trái cây cận nhiệt đới'),
('prodcata006', 'Trái cây làm nước ép'),
('prodcata007', 'Trái cây làm mứt');


INSERT INTO Product_Catalog_details (id_product, id_catalog) VALUES
('prod001', 'prodcata002'),
('prod002', 'prodcata002'),
('prod003', 'prodcata002'),
('prod004', 'prodcata002'),
('prod005', 'prodcata002'),
('prod006', 'prodcata002'),
('prod007', 'prodcata002'),
('prod008', 'prodcata002'),
('prod009', 'prodcata002'),
('prod010', 'prodcata002'),
('prod011', 'prodcata002'),
('prod012', 'prodcata002'),
('prod013', 'prodcata002'),
('prod014', 'prodcata002'),
('prod015', 'prodcata002'),
('prod016', 'prodcata001'),
('prod017', 'prodcata001'),
('prod018', 'prodcata001'),
('prod019', 'prodcata001'),
('prod020', 'prodcata001'),
('prod021', 'prodcata001'),
('prod022', 'prodcata001'),
('prod023', 'prodcata001'),
('prod024', 'prodcata001'),
('prod025', 'prodcata001'),
('prod026', 'prodcata001'),
('prod027', 'prodcata001'),
('prod028', 'prodcata001'),
('prod029', 'prodcata001'),
('prod030', 'prodcata001'),
('prod031', 'prodcata001'),
('prod032', 'prodcata001'),
('prod033', 'prodcata001'),
('prod034', 'prodcata001'),
('prod035', 'prodcata001'),
--trái cây có múi
('prod010', 'prodcata003'),
('prod017', 'prodcata003'),
('prod032', 'prodcata003'),
-- Trái cây nhiệt đới (prodcata004)
('prod016', 'prodcata004'),
('prod017', 'prodcata004'),
('prod018', 'prodcata004'),
('prod019', 'prodcata004'),
('prod020', 'prodcata004'),
('prod021', 'prodcata004'),
('prod022', 'prodcata004'),
('prod023', 'prodcata004'),
('prod027', 'prodcata004'),
('prod028', 'prodcata004'),
('prod030', 'prodcata004'),
('prod031', 'prodcata004'),
('prod035', 'prodcata004'),

-- Trái cây cận nhiệt đới (prodcata005)
('prod001', 'prodcata005'),
('prod002', 'prodcata005'),
('prod003', 'prodcata005'),
('prod006', 'prodcata005'),
('prod007', 'prodcata005'),
('prod008', 'prodcata005'),
('prod012', 'prodcata005'),
('prod014', 'prodcata005'),
('prod025', 'prodcata005'),
('prod026', 'prodcata005'),
('prod009', 'prodcata005'),
('prod011', 'prodcata005'),
('prod029', 'prodcata005'),

-- Trái cây làm nước ép (prodcata006)
('prod010', 'prodcata006'),
('prod032', 'prodcata006'),
('prod033', 'prodcata006'),
('prod034', 'prodcata006'),
('prod013', 'prodcata006'),

-- Trái cây làm mứt (prodcata007)
('prod004', 'prodcata007'),
('prod005', 'prodcata007'),
('prod024', 'prodcata007');


-- -- thông tin giao hàng
-- INSERT INTO delivery_information (id_delivery, id_account, house_number, ward, district, city, receiver_name, receiver_phone) 
-- VALUES 
--     ('DEL2', 1, 'số 25', 'Bến Nghé', 'Quận 1', 'TP. Hồ Chí Minh', 'Hoàng An', '0912345678'),
--     ('DEL3', 1, 'số 88', 'Hòa Cường Bắc', 'Hải Châu', 'Đà Nẵng', 'Thanh Tùng', '0923456789'),
--     ('DEL4', 1, 'số 56', 'Dịch Vọng', 'Cầu Giấy', 'Hà Nội', 'Mai Hương', '0934567890');

--liên hệ
    INSERT INTO Contacts (id_contact, subject, content, status, created_at, phone, id_account) VALUES
('CONT3', 'Góp ý chung', 'Trang web rất đẹp và dễ sử dụng.', 'Chưa phản hồi', NOW(), '0965333777', 5),
('CONT4', 'Báo lỗi', 'Không nhận được mã xác thực khi đăng ký.', 'Chưa phản hồi', NOW(), '0934567891', 6),
('CONT5', 'Góp ý chung', 'Nên thêm chức năng lọc sản phẩm.', 'Chưa phản hồi', NOW(), '0944567342', 7),
('CONT6', 'Đề xuất cải thiện', 'Cần cải thiện tốc độ tải trang.', 'Chưa phản hồi', NOW(), '0913452678', 8),
('CONT7', 'Báo lỗi', 'Lỗi khi thanh toán qua ví điện tử.', 'Chưa phản hồi', NOW(), '0977234561', 9),
('CONT8', 'Góp ý chung', 'Giao diện mobile chưa tối ưu.', 'Chưa phản hồi', NOW(), '0938337722', 10),
('CONT9', 'Đề xuất cải thiện', 'Thêm nhiều loại trái cây đặc sản.', 'Chưa phản hồi', NOW(), '0912231566', 11),
('CONT10', 'Báo lỗi', 'Không thể cập nhật thông tin cá nhân.', 'Chưa phản hồi', NOW(), '0945123987', 12),
('CONT11', 'Góp ý chung', 'Nhân viên giao hàng thân thiện.', 'Chưa phản hồi', NOW(), '0965678123', 13),
('CONT12', 'Đề xuất cải thiện', 'Nên có chương trình khách hàng thân thiết.', 'Chưa phản hồi', NOW(), '0937451222', 14),
('CONT13', 'Báo lỗi', 'Không hiện sản phẩm trong giỏ hàng.', 'Chưa phản hồi', NOW(), '0909988123', 15),
('CONT14', 'Góp ý chung', 'Sản phẩm tươi và đúng mô tả.', 'Chưa phản hồi', NOW(), '0972341189', 16),
('CONT15', 'Đề xuất cải thiện', 'Cần bổ sung thêm phương thức thanh toán.', 'Chưa phản hồi', NOW(), '0985567889', 17),
('CONT16', 'Báo lỗi', 'Không nhận được email xác nhận đơn hàng.', 'Chưa phản hồi', NOW(), '0912234666', 18),
('CONT17', 'Góp ý chung', 'Rất hài lòng với dịch vụ chăm sóc khách hàng.', 'Chưa phản hồi', NOW(), '0967654321', 19),
('CONT18', 'Đề xuất cải thiện', 'Thêm tùy chọn gói quà tặng cho sản phẩm.', 'Chưa phản hồi', NOW(), '0933456677', 20);

INSERT INTO orders (id_order, created_at, id_account, id_delivery, status) VALUES
('ORD1', now(), 5, 'DEL6', 'Đã gửi đơn đặt hàng'),
('ORD2', '2025-04-11 08:29:21', 5, 'DEL6', 'Shop đang đóng gói đơn hàng'),
('ORD3', '2025-04-11 12:49:21', 6, 'DEL7', 'Đã gửi đơn đặt hàng'),
('ORD4', '2025-04-10 02:49:21', 7, 'DEL8', 'Đơn hàng đang giao tới bạn'),
('ORD5', '2025-03-10 02:49:21', 8, 'DEL9', 'Giao hàng thành công'),
('ORD6', '2025-04-11 12:49:21', 9, 'DEL10', 'Shop đang đóng gói đơn hàng'),
('ORD7', '2025-02-11 12:49:21', 10, 'DEL11', 'Đơn hàng đã bị hủy'),
('ORD8', '2025-04-2 12:49:21', 11, 'DEL12', 'Giao hàng thành công'),
('ORD9', now(), 12, 'DEL13', 'Đã gửi đơn đặt hàng'),
('ORD10', '2025-04-11 13:49:21', 13, 'DEL14', 'Shop đang đóng gói đơn hàng'),
('ORD11', now(), 14, 'DEL15', 'Đã gửi đơn đặt hàng'),
('ORD12', '2025-04-10 12:49:21', 15, 'DEL16', 'Đơn hàng đang giao tới bạn'),
('ORD13', '2025-01-11 12:49:21', 16, 'DEL17', 'Giao hàng thành công'),
('ORD14', '2025-02-01 12:49:21', 17, 'DEL18', 'Giao hàng thành công'),
('ORD15', now(), 18, 'DEL19', 'Đơn hàng đã bị hủy'),
('ORD16', '2025-03-01 12:49:21', 19, 'DEL20', 'Giao hàng thành công');

INSERT INTO order_details (id_order, id_product, quantity, price, discount_rate) VALUES
('ORD1', 'prod001', 2, 75000, 0),
('ORD1', 'prod005', 3, 85000, 10),
('ORD1', 'prod015', 4, 85000, 0),
('ORD1', 'prod025', 3, 130000, 10),
('ORD2', 'prod011', 2, 130000, 10),
('ORD2', 'prod022', 3, 180000, 0),
('ORD3', 'prod006', 2, 45000, 0),
('ORD4', 'prod002', 3, 50000, 15),
('ORD5', 'prod023', 3, 40000, 20),
('ORD5', 'prod035', 4, 80000, 20),
('ORD5', 'prod033', 2, 35000, 0),
('ORD5', 'prod025', 5, 130000, 10),
('ORD5', 'prod007', 5, 70000, 15),
('ORD6', 'prod009', 9, 120000, 0),
('ORD7', 'prod029', 1, 50000, 0),
('ORD8', 'prod019', 5, 90000, 10),
('ORD8', 'prod034', 6, 90000, 0),
('ORD9', 'prod003', 5, 90000, 0),
('ORD9', 'prod008', 2, 100000, 20),
('ORD9', 'prod032', 8, 50000, 0),
('ORD10', 'prod026', 8, 110000, 0),
('ORD11', 'prod004', 7, 60000, 0),
('ORD11', 'prod003', 5, 90000, 0),
('ORD12', 'prod011', 10, 130000, 10),
('ORD13', 'prod016', 5, 60000, 0),
('ORD13', 'prod017', 5, 80000, 0),
('ORD13', 'prod019', 3, 90000, 10),
('ORD14', 'prod031', 10, 85000, 0),
('ORD14', 'prod030', 5, 35000, 0),
('ORD15', 'prod012', 8, 60000, 0),
('ORD15', 'prod014', 10, 25000, 0),
('ORD15', 'prod018', 5, 75000, 0),
('ORD16', 'prod028', 4, 75000, 0);


---test vô hiệu hóa
INSERT into activity_history (id_account, action_time, action, status, created_by) VALUES
(19, now(), 'Tôi không tìm thấy sản phẩm tôi cần', 'Vô hiệu hóa tài khoản', 19);

--nhà cung cấp
INSERT INTO Suppliers (id_supplier, name) VALUES
('SUP1', 'Nông trại Đà Lạt'),
('SUP2', 'Trang trại Vĩnh Long Fruits'),
('SUP3', 'Farm Dâu Đà Lạt'),
('SUP4', 'FruitMart Việt Nam'),
('SUP5', 'VinaFruits Supply'),
('SUP6', 'Trái Cây Nhập Khẩu HT'),
('SUP7', 'Greenbox Mart'),
('SUP8', 'Organic Farm Mộc Châu');

--phiếu nhập
INSERT into Product_receipt (created_at, id_supplier, id_account) VALUES
('2024-12-22 16:22:23', 'SUP1', 1),
('2024-11-02 10:52:43', 'SUP2', 2),
('2024-12-20 16:52:23', 'SUP3', 3),
('2024-12-15 15:22:13', 'SUP4', 4),
('2024-12-31 12:02:40', 'SUP5', 1),
('2024-12-17 09:22:03', 'SUP6', 3),
('2024-12-15 08:32:13', 'SUP7', 2);


--chi tiết nhập
INSERT INTO Product_receipt_details (id_receipt, id_product, quantity, purchase_price, selling_price) VALUES
('REC1', 'prod001', 52, 45000, 75000),
('REC1', 'prod003', 85, 65000, 90000),
('REC1', 'prod031', 80, 60000, 85000),

('REC2', 'prod017', 65, 60000, 80000),
('REC2', 'prod020', 50, 75000, 100000),
('REC2', 'prod021', 90, 50000, 70000),
('REC2', 'prod022', 33, 150000, 180000),
('REC2', 'prod027', 80, 45000, 70000),

('REC3', 'prod024', 40, 95000, 120000),
('REC3', 'prod004', 67, 35000, 60000),
('REC3', 'prod005', 53, 55000, 85000),

('REC4', 'prod002', 103, 25000, 50000),
('REC4', 'prod010', 90, 20000, 40000),
('REC4', 'prod012', 93, 40000, 60000),
('REC4', 'prod013', 90, 25000, 50000),
('REC4', 'prod014', 130, 10000, 25000),
('REC4', 'prod016', 55, 45000, 60000),
('REC4', 'prod018', 75, 55000, 75000),
('REC4', 'prod023', 103, 25000, 40000),
('REC4', 'prod032', 118, 25000, 50000),

('REC5', 'prod006', 82, 25000, 45000),
('REC5', 'prod007', 70, 55000, 70000),
('REC5', 'prod009', 79, 100000, 120000),
('REC5', 'prod015', 64, 65000, 85000),
('REC5', 'prod034', 66, 65000, 90000),
('REC5', 'prod035', 59, 50000, 80000),

('REC6', 'prod008', 57, 85000, 100000),
('REC6', 'prod011', 52, 100000, 130000),
('REC6', 'prod019', 88, 65000, 90000),
('REC6', 'prod025', 58, 100000, 130000),
('REC6', 'prod026', 68, 105000, 110000),

('REC7', 'prod028', 54, 55000, 75000),
('REC7', 'prod029', 91, 35000, 50000),
('REC7', 'prod033', 122, 20000, 35000),
('REC7', 'prod030', 105, 20000, 35000);


--test
INSERT into Product_receipt (created_at, id_supplier, id_account) VALUES
('2024-09-15 16:04:28', 'SUP7', 1);

INSERT INTO Products (id_product, name, description, quantity, price, unit, id_promotion) VALUES 
('prod036', 'Me Thái', 'Me Thái là loại trái cây có vị chua ngọt tự nhiên, thường được dùng để ăn trực tiếp hoặc làm mứt, nước giải khát và món ăn vặt. Vị chua dịu và thơm ngon đặc trưng khiến Me Thái trở thành món khoái khẩu của nhiều người.', 10, 70000, 'Kg', NULL);

INSERT into Image_Product (id_image, URL_image, id_product) VALUES
('imaprod036A', '/assets/image/products/VN021A-methai.jpg', 'prod036'),
('imaprod036B', '/assets/image/products/VN021B-methai.jpg', 'prod036');

INSERT INTO Product_Catalog_details (id_product, id_catalog) VALUES
('prod036', 'prodcata001'),
('prod036', 'prodcata007');

INSERT into Product_receipt_details (id_receipt, id_product, quantity, purchase_price, selling_price) VALUES
('REC8', 'prod036', 10, '40000', '70000');

INSERT INTO orders ( created_at, id_account, id_delivery, status) VALUES
( now(), 5, 'DEL6', 'Đã gửi đơn đặt hàng');

INSERT INTO order_details (id_order, id_product, quantity, price, discount_rate) VALUES
('ORD20', 'prod036', 10, 70000, 0);

INSERT into Product_receipt (created_at, id_supplier, id_account) VALUES
(now(), 'SUP7', 1);

INSERT into Product_receipt_details (id_receipt, id_product, quantity, purchase_price) VALUES
('REC9', 'prod036', 30, '45000', '75000');

UPDATE Products
SET quantity = 30,
    price = 75000
WHERE id_product = 'prod036';


INSERT INTO Promotions (id_promotion, name, description, start_day, end_day, discount_rate, id_account) 
VALUES 
    ('PROMO_TEST', 'Khuyến mãi kiểm thử', 'Giảm giá đặc biệt nhân dịp kiểm thử', '2025-02-25 10:00:00', '2025-04-17 11:30:00', 15.00, 1);


UPDATE Products SET id_promotion = 'PROMO_TEST' WHERE id_product IN ('prod001');